timestamp,symbol,approved,final_shares,stop_price,reason,inputs
2026-07-31T15:00:00+00:00,CRWD,True,41.535323567587604,166.78410714285715,approved,"{""symbol"": ""CRWD"", ""side"": ""buy"", ""price"": 190.86, ""equity"": 100000.0, ""regime_scalar"": 1.0, ""available_cash"": 100000.0, ""stop_source"": ""strategy"", ""stop_distance"": 24.07589285714286, ""governor"": {""aggregate_risk_pct"": 0.0, ""position_count"": 0.0, ""headroom_dollars"": 5000.0, ""per_share_risk"": 24.07589285714286, ""held_in_name_dollars"": 0, ""held_in_sector_dollars"": 0.0, ""held_in_cluster_dollars"": 0.0, ""cluster_size"": 0.0, ""gross_exposure_pct"": 0.0, ""gap_loss_at_shock_dollars"": 0.0}, ""portfolio_check"": {""var_95"": 0.0035600271072549904, ""var_99"": 0.006372109608977944, ""es_975"": 0.006533603076717598, ""single_name_pct"": 0.0792743185610977, ""sector_pct"": null}, ""round_trip_cost"": 21.12743185610977, ""cost_to_risk_pct"": 0.021127431856109772}"
2026-07-31T15:00:00+00:00,CSCO,True,107.7586206896552,107.17857142857143,approved,"{""symbol"": ""CSCO"", ""side"": ""buy"", ""price"": 116.0, ""equity"": 100000.0, ""regime_scalar"": 1.0, ""available_cash"": 100000.0, ""stop_source"": ""strategy"", ""stop_distance"": 8.82142857142857, ""governor"": {""aggregate_risk_pct"": 0.0, ""position_count"": 0.0, ""headroom_dollars"": 5000.0, ""per_share_risk"": 8.82142857142857, ""held_in_name_dollars"": 0, ""held_in_sector_dollars"": 0.0, ""held_in_cluster_dollars"": 0.0, ""cluster_size"": 0.0, ""gross_exposure_pct"": 0.0, ""gap_loss_at_shock_dollars"": 0.0}, ""portfolio_check"": {""var_95"": 0.003644687223352767, ""var_99"": 0.0059796947650007995, ""es_975"": 0.007858757081371447, ""single_name_pct"": 0.12500000000000003, ""sector_pct"": null}, ""round_trip_cost"": 25.700000000000003, ""cost_to_risk_pct"": 0.027035983805668018}"
2026-07-31T15:00:00+00:00,JNJ,True,48.73959409666038,240.26499999999996,approved,"{""symbol"": ""JNJ"", ""side"": ""buy"", ""price"": 256.465, ""equity"": 100000.0, ""regime_scalar"": 1.0, ""available_cash"": 100000.0, ""stop_source"": ""strategy"", ""stop_distance"": 16.200000000000017, ""governor"": {""aggregate_risk_pct"": 0.0, ""position_count"": 0.0, ""headroom_dollars"": 5000.0, ""per_share_risk"": 16.200000000000017, ""held_in_name_dollars"": 0, ""held_in_sector_dollars"": 0.0, ""held_in_cluster_dollars"": 0.0, ""cluster_size"": 0.0, ""gross_exposure_pct"": 0.0, ""gap_loss_at_shock_dollars"": 0.0}, ""portfolio_check"": {""var_95"": 0.002227579529666311, ""var_99"": 0.003049469395792233, ""es_975"": 0.0033749732054972814, ""single_name_pct"": 0.12500000000000003, ""sector_pct"": null}, ""round_trip_cost"": 25.700000000000003, ""cost_to_risk_pct"": 0.03254889135802465}"
2026-07-31T15:00:00+00:00,PANW,True,26.84435070226739,294.5882142857143,approved,"{""symbol"": ""PANW"", ""side"": ""buy"", ""price"": 331.84, ""equity"": 100000.0, ""regime_scalar"": 1.0, ""available_cash"": 100000.0, ""stop_source"": ""strategy"", ""stop_distance"": 37.25178571428569, ""governor"": {""aggregate_risk_pct"": 0.0, ""position_count"": 0.0, ""headroom_dollars"": 5000.0, ""per_share_risk"": 37.25178571428569, ""held_in_name_dollars"": 0, ""held_in_sector_dollars"": 0.0, ""held_in_cluster_dollars"": 0.0, ""cluster_size"": 0.0, ""gross_exposure_pct"": 0.0, ""gap_loss_at_shock_dollars"": 0.0}, ""portfolio_check"": {""var_95"": 0.003831567641138787, ""var_99"": 0.006184873294241013, ""es_975"": 0.00609607747434535, ""single_name_pct"": 0.0890802933704041, ""sector_pct"": null}, ""round_trip_cost"": 22.10802933704041, ""cost_to_risk_pct"": 0.02210802933704042}"
2026-07-31T15:00:00+00:00,SPY,True,11.716814633297181,725.8792857142856,approved,"{""symbol"": ""SPY"", ""side"": ""buy"", ""price"": 746.79, ""equity"": 100000.0, ""regime_scalar"": 0.7, ""available_cash"": 100000.0, ""stop_source"": ""strategy"", ""stop_distance"": 20.910714285714334, ""governor"": {""aggregate_risk_pct"": 0.0, ""position_count"": 0.0, ""headroom_dollars"": 5000.0, ""per_share_risk"": 20.910714285714334, ""held_in_name_dollars"": 0, ""held_in_sector_dollars"": 0.0, ""held_in_cluster_dollars"": 0.0, ""cluster_size"": 0.0, ""gross_exposure_pct"": 0.0, ""gap_loss_at_shock_dollars"": 0.0}, ""portfolio_check"": {""var_95"": 0.0012988311035037037, ""var_99"": 0.0015705956230327536, ""es_975"": 0.001701456205183597, ""single_name_pct"": 0.08750000000000002, ""sector_pct"": null}, ""round_trip_cost"": 21.950000000000003, ""cost_to_risk_pct"": 0.08958929052092207}"
2026-07-31T15:00:00+00:00,UNP,True,29.95036796166354,273.54017857142856,approved,"{""symbol"": ""UNP"", ""side"": ""buy"", ""price"": 292.15, ""equity"": 100000.0, ""regime_scalar"": 0.7, ""available_cash"": 100000.0, ""stop_source"": ""strategy"", ""stop_distance"": 18.609821428571422, ""governor"": {""aggregate_risk_pct"": 0.0, ""position_count"": 0.0, ""headroom_dollars"": 5000.0, ""per_share_risk"": 18.609821428571422, ""held_in_name_dollars"": 0, ""held_in_sector_dollars"": 0.0, ""held_in_cluster_dollars"": 0.0, ""cluster_size"": 0.0, ""gross_exposure_pct"": 0.0, ""gap_loss_at_shock_dollars"": 0.0}, ""portfolio_check"": {""var_95"": 0.0018402336187859532, ""var_99"": 0.0031230604255492495, ""es_975"": 0.003155559672138598, ""single_name_pct"": 0.08750000000000004, ""sector_pct"": null}, ""round_trip_cost"": 21.950000000000003, ""cost_to_risk_pct"": 0.03938130979225639}"
2026-07-31T15:00:00+00:00,WFC,True,101.79153094462544,80.63321428571427,approved,"{""symbol"": ""WFC"", ""side"": ""buy"", ""price"": 85.96, ""equity"": 100000.0, ""regime_scalar"": 0.7, ""available_cash"": 100000.0, ""stop_source"": ""strategy"", ""stop_distance"": 5.32678571428572, ""governor"": {""aggregate_risk_pct"": 0.0, ""position_count"": 0.0, ""headroom_dollars"": 5000.0, ""per_share_risk"": 5.32678571428572, ""held_in_name_dollars"": 0, ""held_in_sector_dollars"": 0.0, ""held_in_cluster_dollars"": 0.0, ""cluster_size"": 0.0, ""gross_exposure_pct"": 0.0, ""gap_loss_at_shock_dollars"": 0.0}, ""portfolio_check"": {""var_95"": 0.002351733853629198, ""var_99"": 0.004077902957592129, ""es_975"": 0.0041433132264509604, ""single_name_pct"": 0.08750000000000002, ""sector_pct"": null}, ""round_trip_cost"": 21.950000000000003, ""cost_to_risk_pct"": 0.04048159839088161}"
2026-08-03T15:00:00+00:00,AXP,False,0.0,,aggregate risk-at-stop 5.16% is at or above the 5.00% cap,"{""symbol"": ""AXP"", ""side"": ""buy"", ""price"": 344.77, ""equity"": 100801.34476500002, ""regime_scalar"": 0.7, ""available_cash"": 33236.164765000016, ""stop_source"": ""strategy"", ""stop_distance"": 20.126785714285745, ""governor"": {}}"
2026-08-03T15:00:00+00:00,C,False,0.0,,aggregate risk-at-stop 5.16% is at or above the 5.00% cap,"{""symbol"": ""C"", ""side"": ""buy"", ""price"": 133.57, ""equity"": 100801.34476500002, ""regime_scalar"": 0.7, ""available_cash"": 33236.164765000016, ""stop_source"": ""strategy"", ""stop_distance"": 8.443749999999994, ""governor"": {}}"
2026-08-03T15:00:00+00:00,GILD,False,0.0,,aggregate risk-at-stop 5.16% is at or above the 5.00% cap,"{""symbol"": ""GILD"", ""side"": ""buy"", ""price"": 131.21, ""equity"": 100801.34476500002, ""regime_scalar"": 0.7, ""available_cash"": 33236.164765000016, ""stop_source"": ""strategy"", ""stop_distance"": 8.827678571428578, ""governor"": {}}"
2026-08-04T15:00:00+00:00,AMAT,False,0.0,,aggregate risk-at-stop 5.07% is at or above the 5.00% cap,"{""symbol"": ""AMAT"", ""side"": ""buy"", ""price"": 546.6, ""equity"": 102630.269765, ""regime_scalar"": 0.7, ""available_cash"": 33236.164765000016, ""stop_source"": ""strategy"", ""stop_distance"": 97.95535714285711, ""resized_for_stop_budget"": true, ""governor"": {}}"
2026-08-04T15:00:00+00:00,AMD,False,0.0,,aggregate risk-at-stop 5.07% is at or above the 5.00% cap,"{""symbol"": ""AMD"", ""side"": ""buy"", ""price"": 525.52, ""equity"": 102630.269765, ""regime_scalar"": 0.7, ""available_cash"": 33236.164765000016, ""stop_source"": ""strategy"", ""stop_distance"": 102.38571428571424, ""governor"": {}}"
2026-08-04T15:00:00+00:00,GS,False,0.0,,aggregate risk-at-stop 5.07% is at or above the 5.00% cap,"{""symbol"": ""GS"", ""side"": ""buy"", ""price"": 1053.13, ""equity"": 102630.269765, ""regime_scalar"": 0.7, ""available_cash"": 33236.164765000016, ""stop_source"": ""strategy"", ""stop_distance"": 97.27857142857147, ""resized_for_stop_budget"": true, ""governor"": {}}"
2026-08-04T15:00:00+00:00,MS,False,0.0,,aggregate risk-at-stop 5.07% is at or above the 5.00% cap,"{""symbol"": ""MS"", ""side"": ""buy"", ""price"": 217.06, ""equity"": 102630.269765, ""regime_scalar"": 0.7, ""available_cash"": 33236.164765000016, ""stop_source"": ""strategy"", ""stop_distance"": 17.64821428571429, ""governor"": {}}"
2026-08-04T15:00:00+00:00,PG,False,0.0,,aggregate risk-at-stop 5.07% is at or above the 5.00% cap,"{""symbol"": ""PG"", ""side"": ""buy"", ""price"": 148.0, ""equity"": 102630.269765, ""regime_scalar"": 0.7, ""available_cash"": 33236.164765000016, ""stop_source"": ""strategy"", ""stop_distance"": 9.009821428571428, ""governor"": {}}"
2026-08-04T15:00:00+00:00,SBUX,False,0.0,,aggregate risk-at-stop 5.07% is at or above the 5.00% cap,"{""symbol"": ""SBUX"", ""side"": ""buy"", ""price"": 104.94, ""equity"": 102630.269765, ""regime_scalar"": 0.7, ""available_cash"": 33236.164765000016, ""stop_source"": ""strategy"", ""stop_distance"": 7.67053571428572, ""governor"": {}}"
2026-08-05T15:00:00+00:00,LLY,False,0.0,,aggregate risk-at-stop 5.07% is at or above the 5.00% cap,"{""symbol"": ""LLY"", ""side"": ""buy"", ""price"": 1169.29, ""equity"": 102606.16976500003, ""regime_scalar"": 0.7, ""available_cash"": 33236.164765000016, ""stop_source"": ""strategy"", ""stop_distance"": 95.34464285714284, ""governor"": {}}"
2026-08-05T15:00:00+00:00,VRTX,False,0.0,,aggregate risk-at-stop 5.07% is at or above the 5.00% cap,"{""symbol"": ""VRTX"", ""side"": ""buy"", ""price"": 484.76, ""equity"": 102606.16976500003, ""regime_scalar"": 0.7, ""available_cash"": 33236.164765000016, ""stop_source"": ""strategy"", ""stop_distance"": 30.93214285714288, ""governor"": {}}"
2026-08-06T15:00:00+00:00,PG,False,0.0,,aggregate risk-at-stop 5.09% is at or above the 5.00% cap,"{""symbol"": ""PG"", ""side"": ""buy"", ""price"": 146.975, ""equity"": 102185.43976500002, ""regime_scalar"": 0.7, ""available_cash"": 33236.164765000016, ""stop_source"": ""strategy"", ""stop_distance"": 8.663392857142867, ""governor"": {}}"
2026-08-06T15:00:00+00:00,PGR,False,0.0,,aggregate risk-at-stop 5.09% is at or above the 5.00% cap,"{""symbol"": ""PGR"", ""side"": ""buy"", ""price"": 215.335, ""equity"": 102185.43976500002, ""regime_scalar"": 0.7, ""available_cash"": 33236.164765000016, ""stop_source"": ""strategy"", ""stop_distance"": 12.504464285714278, ""governor"": {}}"
2026-08-07T15:00:00+00:00,AMAT,False,0.0,,aggregate risk-at-stop 5.07% is at or above the 5.00% cap,"{""symbol"": ""AMAT"", ""side"": ""buy"", ""price"": 538.68, ""equity"": 102742.334765, ""regime_scalar"": 0.7, ""available_cash"": 33236.164765000016, ""stop_source"": ""strategy"", ""stop_distance"": 90.00267857142853, ""governor"": {}}"
2026-08-07T15:00:00+00:00,GILD,False,0.0,,aggregate risk-at-stop 5.07% is at or above the 5.00% cap,"{""symbol"": ""GILD"", ""side"": ""buy"", ""price"": 133.1, ""equity"": 102742.334765, ""regime_scalar"": 0.7, ""available_cash"": 33236.164765000016, ""stop_source"": ""strategy"", ""stop_distance"": 9.879464285714278, ""governor"": {}}"
2026-08-07T15:00:00+00:00,MS,False,0.0,,aggregate risk-at-stop 5.07% is at or above the 5.00% cap,"{""symbol"": ""MS"", ""side"": ""buy"", ""price"": 216.34, ""equity"": 102742.334765, ""regime_scalar"": 0.7, ""available_cash"": 33236.164765000016, ""stop_source"": ""strategy"", ""stop_distance"": 14.3125, ""governor"": {}}"
2026-08-07T15:00:00+00:00,PM,False,0.0,,aggregate risk-at-stop 5.07% is at or above the 5.00% cap,"{""symbol"": ""PM"", ""side"": ""buy"", ""price"": 189.43, ""equity"": 102742.334765, ""regime_scalar"": 0.7, ""available_cash"": 33236.164765000016, ""stop_source"": ""strategy"", ""stop_distance"": 14.165178571428584, ""governor"": {}}"
2026-08-11T15:00:00+00:00,ABBV,False,0.0,,aggregate risk-at-stop 5.03% is at or above the 5.00% cap,"{""symbol"": ""ABBV"", ""side"": ""buy"", ""price"": 249.985, ""equity"": 103462.55476500001, ""regime_scalar"": 0.7, ""available_cash"": 33236.164765000016, ""stop_source"": ""strategy"", ""stop_distance"": 15.65357142857141, ""governor"": {}}"
2026-08-12T15:00:00+00:00,AMAT,False,0.0,,remaining aggregate risk headroom ($4.14) does not cover one share at $86.89 of risk,"{""symbol"": ""AMAT"", ""side"": ""buy"", ""price"": 548.46, ""equity"": 104168.239765, ""regime_scalar"": 0.7, ""available_cash"": 33236.164765000016, ""stop_source"": ""strategy"", ""stop_distance"": 86.89285714285711, ""governor"": {}}"
2026-08-12T15:00:00+00:00,AXP,False,0.0,,remaining aggregate risk headroom ($4.14) does not cover one share at $18.25 of risk,"{""symbol"": ""AXP"", ""side"": ""buy"", ""price"": 344.055, ""equity"": 104168.239765, ""regime_scalar"": 0.7, ""available_cash"": 33236.164765000016, ""stop_source"": ""strategy"", ""stop_distance"": 18.246428571428623, ""governor"": {}}"
2026-08-12T15:00:00+00:00,MU,False,0.0,,remaining aggregate risk headroom ($4.14) does not cover one share at $196.13 of risk,"{""symbol"": ""MU"", ""side"": ""buy"", ""price"": 911.3, ""equity"": 104168.239765, ""regime_scalar"": 0.7, ""available_cash"": 33236.164765000016, ""stop_source"": ""strategy"", ""stop_distance"": 196.13214285714287, ""governor"": {}}"
