ts,open,high,low,close,volume
2024-08-26 00:00:00+00:00,4.5343562106141295,4.597837353237494,4.5343562106141295,4.561562538146973,1330445
2024-08-27 00:00:00+00:00,4.534356069241734,4.543424988946565,4.4890123355773595,4.516218662261963,1129565
2024-08-28 00:00:00+00:00,4.489012671551352,4.516219000272176,4.470875263214111,4.470875263214111,1732250
2024-08-29 00:00:00+00:00,4.434599876403809,4.443668795621443,4.380187658387612,4.434599876403809,1584878
2024-08-30 00:00:00+00:00,4.189744852882948,4.325775619780163,4.135332632610039,4.153470039367676,7494922
2024-09-02 00:00:00+00:00,4.135332680419594,4.189744901321575,4.10812678618355,4.171607494354248,1235967
2024-09-03 00:00:00+00:00,4.189744620212166,4.316706892894859,4.180676133551895,4.244156837463379,2697430
2024-09-04 00:00:00+00:00,4.189745239964947,4.207882648398261,4.099058197798375,4.1171956062316895,2178878
2024-09-05 00:00:00+00:00,4.1262642387626585,4.2441571691385285,4.1262642387626585,4.180676460266113,1699911
2024-09-06 00:00:00+00:00,4.207882402724924,4.216951322627064,4.153470180601788,4.1988139152526855,1424771
2024-09-09 00:00:00+00:00,4.153470039367676,4.171607446125312,4.117195225852403,4.153470039367676,1861218
2024-09-10 00:00:00+00:00,4.180676460266113,4.180676460266113,4.099057911795983,4.180676460266113,4989706
2024-09-11 00:00:00+00:00,4.189744568894794,4.235088298930351,4.189744568894794,4.2169508934021,1412808
2024-09-12 00:00:00+00:00,4.244156932909441,4.271363258361816,4.189744714434561,4.271363258361816,1088313
2024-09-13 00:00:00+00:00,4.334844779538073,4.4346003060169,4.298569531583149,4.4164628982543945,3991429
2024-09-16 00:00:00+00:00,4.443669366923213,4.507150079888593,4.407394550248732,4.470875263214111,3366100
2024-09-17 00:00:00+00:00,4.452737617766918,4.461806537667577,4.352982093439075,4.38018798828125,1387179
2024-09-18 00:00:00+00:00,4.316707278696241,4.407394315553327,4.298569438894923,4.38018798828125,1739957
2024-09-19 00:00:00+00:00,4.416462943976164,4.42553186416626,4.343913312175064,4.42553186416626,2275726
2024-09-20 00:00:00+00:00,4.443668986916804,4.511684154257566,4.443668986916804,4.498081207275391,5530789
2024-09-23 00:00:00+00:00,4.443669660155219,4.461807069689324,4.362051101036771,4.3983259201049805,1261044
2024-09-24 00:00:00+00:00,4.389256954193115,4.425531769316207,4.352982139070024,4.389256954193115,768446
2024-09-25 00:00:00+00:00,4.4255322506211145,4.43460073917319,4.380188510570876,4.3983259201049805,1253054
2024-09-26 00:00:00+00:00,4.434600491607099,4.516219046169108,4.434600491607099,4.479944229125977,1878386
2024-09-27 00:00:00+00:00,4.461806728516111,4.479944136663334,4.434600400080316,4.452737808227539,835959
2024-09-30 00:00:00+00:00,4.479944230152787,4.516219047204232,4.457272361388151,4.489012718200684,1458652
2024-10-01 00:00:00+00:00,4.489012190678792,4.498081110090892,4.443668890907923,4.461806297302246,1333134
2024-10-02 00:00:00+00:00,4.4708746884146064,4.479943607632241,4.41646247039841,4.434599876403809,1623711
2024-10-03 00:00:00+00:00,4.4436692246931075,4.4436692246931075,4.380188081329667,4.4073944091796875,1828725
2024-10-04 00:00:00+00:00,4.389256954193115,4.393790981761072,4.343913219074298,4.389256954193115,1464687
2024-10-07 00:00:00+00:00,4.389256908181909,4.389256908181909,4.343913173538416,4.38018798828125,727190
2024-10-08 00:00:00+00:00,4.371119640315435,4.42553186416626,4.35298223236516,4.42553186416626,1702759
2024-10-09 00:00:00+00:00,4.443669320368888,4.489012624521986,4.425531912221665,4.452737808227539,1638178
2024-10-10 00:00:00+00:00,4.46180668006681,4.46180668006681,4.407394456215985,4.42553186416626,865330
2024-10-11 00:00:00+00:00,4.398325490491889,4.425531818350603,4.380188082729382,4.4164628982543945,1005107
2024-10-14 00:00:00+00:00,4.425531912221665,4.525287440816432,4.416462991933092,4.452737808227539,3049587
2024-10-15 00:00:00+00:00,4.471329304655852,4.508512881318269,4.452737516324645,4.4899210929870605,3401436
2024-10-16 00:00:00+00:00,4.508513540371946,4.564288913518803,4.489921749322994,4.527105331420898,2695262
2024-10-17 00:00:00+00:00,4.564288440387113,4.592176345701327,4.536400978336115,4.57358455657959,1893399
2024-10-18 00:00:00+00:00,4.564288246311891,4.564288246311891,4.471329304655852,4.4899210929870605,2935952
2024-10-21 00:00:00+00:00,4.480625614375898,4.508513076448088,4.369074436297484,4.38766622543335,4837250
2024-10-22 00:00:00+00:00,4.359778782166628,4.359778782166628,4.257523719846689,4.294707298278809,2018452
2024-10-23 00:00:00+00:00,4.31329870223999,4.345834662909465,4.29470691468451,4.31329870223999,1746372
2024-10-24 00:00:00+00:00,4.313299389141641,4.313299389141641,4.257524017592861,4.304003715515137,1272270
2024-10-25 00:00:00+00:00,4.313299476099786,4.313299476099786,4.257524103426547,4.276115894317627,1679498
2024-10-28 00:00:00+00:00,4.276115509062748,4.304003414518448,4.238931930630629,4.294707298278809,1514225
2024-10-29 00:00:00+00:00,4.322595506031397,4.322595506031397,4.2854119249988765,4.304003715515137,1415006
2024-10-30 00:00:00+00:00,4.285411950874674,4.285411950874674,4.18315688078619,4.211044788360596,2665973
2024-10-31 00:00:00+00:00,4.2203399598496985,4.27146726717849,4.201748171433483,4.257523536682129,2351061
2024-11-01 00:00:00+00:00,4.20174867141471,4.2296365789891155,4.173860763840303,4.211044788360596,1462359
2024-11-04 00:00:00+00:00,4.220339867872758,4.266819559531931,4.164564503839665,4.238931655883789,1220386
2024-11-05 00:00:00+00:00,4.229636192321777,4.248227981250662,4.19710022924882,4.229636192321777,698366
2024-11-06 00:00:00+00:00,4.257524017592861,4.350482970174162,4.2389322270766,4.304003715515137,1466457
2024-11-07 00:00:00+00:00,4.1366768869433495,4.211044487405779,4.090197635325455,4.201748371124268,3039460
2024-11-08 00:00:00+00:00,4.238932252671749,4.257524043300268,4.18315688078619,4.211044788360596,1224585
2024-11-11 00:00:00+00:00,4.192452303904461,4.197099918344997,4.136676497986236,4.1738600730896,1757400
2024-11-12 00:00:00+00:00,4.145973561545841,4.229636846293147,4.136677444012459,4.220340728759766,1167895
2024-11-13 00:00:00+00:00,4.173860674070358,4.201748581044961,4.13667709361305,4.192452907562256,1131769
2024-11-14 00:00:00+00:00,4.211044788360596,4.211044788360596,4.173860763840303,4.211044788360596,1084378
2024-11-15 00:00:00+00:00,4.220340257963119,4.285411743647947,4.220340257963119,4.266819953918457,499510
2024-11-18 00:00:00+00:00,4.26681945498288,4.327242875353985,4.25752333957355,4.31329870223999,1092637
2024-11-19 00:00:00+00:00,4.313299094771908,4.3876662517616145,4.294707305524482,4.341187000274658,1129252
2024-11-20 00:00:00+00:00,4.341187205090542,4.341187205090542,4.2761157180228855,4.285411834716797,1141467
2024-11-21 00:00:00+00:00,4.313299094771908,4.369074462514188,4.3040034217798055,4.341187000274658,1166684
2024-11-22 00:00:00+00:00,4.38766622543335,4.38766622543335,4.341186974225294,4.38766622543335,1264476
2024-11-25 00:00:00+00:00,4.415554130768758,4.420202188868529,4.350482647161617,4.38766622543335,5050515
2024-11-26 00:00:00+00:00,4.396962910441771,4.513161718388686,4.396962910441771,4.452738285064697,2200931
2024-11-27 00:00:00+00:00,4.489921193533229,4.601471926018514,4.475977462788371,4.55499267578125,2017840
2024-11-28 00:00:00+00:00,4.508513659687623,4.545697242769574,4.443442610925847,4.452738285064697,2712165
2024-11-29 00:00:00+00:00,4.424849987030029,4.4759772933343775,4.33189060354839,4.424849987030029,2002591
2024-12-02 00:00:00+00:00,4.434146227820444,4.499217715946276,4.424850554238611,4.443442344665527,1979649
2024-12-03 00:00:00+00:00,4.4620340156927885,4.499217595551625,4.44344222576337,4.471329689025879,1461862
2024-12-04 00:00:00+00:00,4.44344222576337,4.471329689025879,4.415554319237624,4.471329689025879,957295
2024-12-05 00:00:00+00:00,4.4899210929870605,4.517808997115472,4.480625420453056,4.4899210929870605,2348017
2024-12-06 00:00:00+00:00,4.462033632121848,4.4992172087842635,4.462033632121848,4.4899210929870605,1056836
2024-12-09 00:00:00+00:00,4.462033632121848,4.508512881318269,4.462033632121848,4.4899210929870605,893843
2024-12-10 00:00:00+00:00,4.508512881318269,4.517808997115472,4.44344184379064,4.4899210929870605,666596
2024-12-11 00:00:00+00:00,4.471329304655852,4.4992172087842635,4.462033632121848,4.4899210929870605,790143
2024-12-12 00:00:00+00:00,4.462033840226739,4.49921741862336,4.452737723995973,4.480625629425049,1118026
2024-12-13 00:00:00+00:00,4.452737723995973,4.480625629425049,4.452737723995973,4.480625629425049,644862
2024-12-16 00:00:00+00:00,4.499217866479102,4.554993239625959,4.480626075430149,4.527105331420898,1956726
2024-12-17 00:00:00+00:00,4.517808798903231,4.582879833575962,4.508512683513882,4.545696258544922,1084445
2024-12-18 00:00:00+00:00,4.545697122469851,4.5828807045677555,4.499217866479102,4.527105331420898,1524579
2024-12-19 00:00:00+00:00,4.443441951434866,4.480625528998069,4.40161031586046,4.415554046630859,2424266
2024-12-20 00:00:00+00:00,4.387666133380823,4.387666133380823,4.285411516910454,4.36907434463501,2806731
2024-12-23 00:00:00+00:00,4.369074443711635,4.443442043644517,4.35048265454422,4.434145927429199,1046208
2024-12-24 00:00:00+00:00,4.4248504585652775,4.434146131946122,4.378370761871338,4.378370761871338,674321
2024-12-27 00:00:00+00:00,4.387666316709063,4.415554222624617,4.369074527186435,4.4062581062316895,1173002
2024-12-30 00:00:00+00:00,4.396962349094368,4.434145927429199,4.378370559926952,4.434145927429199,686641
2024-12-31 00:00:00+00:00,4.3876662517616145,4.424850273519687,4.341187000274658,4.341187000274658,588621
2025-01-02 00:00:00+00:00,4.350482555889196,4.378370460639521,4.304003305656267,4.36907434463501,1046136
2025-01-03 00:00:00+00:00,4.350482647161617,4.406258014569215,4.341186974225294,4.38766622543335,933988
2025-01-06 00:00:00+00:00,4.406258014569215,4.434145919904624,4.350482647161617,4.38766622543335,859143
2025-01-07 00:00:00+00:00,4.396962460348668,4.401610518573934,4.327243360022594,4.359778881072998,1125822
2025-01-08 00:00:00+00:00,4.350482473219608,4.424850070052907,4.32259501226242,4.3969621658325195,1460676
2025-01-09 00:00:00+00:00,4.396962433101989,4.4062581062316895,4.350482737663808,4.4062581062316895,980918
2025-01-10 00:00:00+00:00,4.40625822527711,4.434146131946122,4.35977897184641,4.378370761871338,816531
2025-01-13 00:00:00+00:00,4.322595506031397,4.341187296547657,4.262172076037738,4.304003715515137,1361721
2025-01-14 00:00:00+00:00,4.3132990034178835,4.350482581125203,4.2761154257105645,4.322595119476318,762507
2025-01-15 00:00:00+00:00,4.3411866052048005,4.3411866052048005,4.30400303009384,4.31329870223999,693991
2025-01-16 00:00:00+00:00,4.359778966510367,4.387666429882008,4.327243444822374,4.331891059875488,967707
2025-01-17 00:00:00+00:00,4.331890884019335,4.369074462514188,4.331890884019335,4.341187000274658,967220
2025-01-20 00:00:00+00:00,4.37837036799691,4.37837036799691,4.331890675484243,4.35048246383667,610731
2025-01-21 00:00:00+00:00,4.350482391592079,4.434145659420278,4.341186719201831,4.424849987030029,1414990
2025-01-22 00:00:00+00:00,4.4248501709934205,4.4992173262599975,4.4155540549534935,4.462033748626709,1942132
2025-01-23 00:00:00+00:00,4.462033931069743,4.517809299800211,4.406258119076046,4.499217510223389,1111350
2025-01-24 00:00:00+00:00,4.508512786046671,4.657247532816545,4.508512786046671,4.610767841339111,2882131
2025-01-28 00:00:00+00:00,4.601471900939941,4.675839498788028,4.582880112293721,4.601471900939941,1355830
2025-01-29 00:00:00+00:00,4.601472273498216,4.787390618276505,4.582880483346711,4.768798828125,3104524
2025-01-30 00:00:00+00:00,4.740910538825234,4.917532752648347,4.722318750173495,4.787390232086182,2669315
2025-01-31 00:00:00+00:00,4.768798889347988,4.871053514862412,4.759502772521269,4.833869934082031,1977165
2025-02-03 00:00:00+00:00,4.787390407986044,4.805982197320888,4.740910713017325,4.778094291687012,1503596
2025-02-04 00:00:00+00:00,4.833869482083923,4.852461270735661,4.731614866130967,4.787390232086182,2113957
2025-02-05 00:00:00+00:00,4.815277760223971,4.86175745412963,4.787390298491146,4.852461338043213,1774775
2025-02-06 00:00:00+00:00,4.880349432738885,4.945420918083499,4.871053316291127,4.936124801635742,2382276
2025-02-07 00:00:00+00:00,4.889645465575756,4.991900085173201,4.889645465575756,4.964012622833252,2521903
2025-02-10 00:00:00+00:00,4.917533216891701,4.93612500729861,4.861757845670971,4.880349636077881,2300439
2025-02-11 00:00:00+00:00,4.917533212469513,4.936125002859703,4.833869934082031,4.833869934082031,2057304
2025-02-12 00:00:00+00:00,4.815278260246454,4.8245743772981875,4.675840050576523,4.75950288772583,2966288
2025-02-13 00:00:00+00:00,4.7223191311146175,4.787390618276505,4.7223191311146175,4.768798828125,1573494
2025-02-14 00:00:00+00:00,4.787390589853624,4.852461633365941,4.768798799812499,4.815278053283691,791128
2025-02-17 00:00:00+00:00,4.833870144488109,4.880349844118352,4.787390888121132,4.8245744705200195,843721
2025-02-18 00:00:00+00:00,4.833869843324816,4.889645656711429,4.815278053283691,4.815278053283691,2341283
2025-02-19 00:00:00+00:00,4.815278081872141,4.829222256933201,4.750207037973496,4.768798828125,999290
2025-02-20 00:00:00+00:00,4.722318943357076,4.768798638519444,4.647951785707866,4.685135364532471,3059852
2025-02-21 00:00:00+00:00,4.694431119295611,4.713022907275937,4.657247543334961,4.657247543334961,1461376
2025-02-24 00:00:00+00:00,4.620064086971155,4.675839900970459,4.564288716235095,4.675839900970459,1570486
2025-02-25 00:00:00+00:00,4.6479516868954684,4.6479516868954684,4.578232588897323,4.620063781738281,1774807
2025-02-26 00:00:00+00:00,4.610767851752553,4.675839331315286,4.5735842757919025,4.657247543334961,1963177
2025-02-27 00:00:00+00:00,4.685135371298825,4.740910739616284,4.666543581859672,4.73161506652832,1655647
2025-02-28 00:00:00+00:00,4.833869549133592,4.991899976496977,4.768798509581525,4.852461338043213,5035517
2025-03-03 00:00:00+00:00,5.047675909695289,5.140635307938865,5.001196653836763,5.056972026824951,3227666
2025-03-04 00:00:00+00:00,5.01978789791671,5.075563264828058,4.945420742034912,4.945420742034912,2667700
2025-03-05 00:00:00+00:00,4.9361252177166834,4.954717008916128,4.8245744705200195,4.8245744705200195,3201951
2025-03-06 00:00:00+00:00,4.871053423407066,4.884997598385339,4.778094473201442,4.815278053283691,2874782
2025-03-07 00:00:00+00:00,4.824574285752556,4.824574285752556,4.74091100692749,4.74091100692749,2037340
2025-03-10 00:00:00+00:00,4.713023340514879,4.815277962174704,4.7037272240385875,4.796686172485352,1728925
2025-03-11 00:00:00+00:00,4.7780944103901275,4.787390526920106,4.722319040999959,4.75020694732666,2606411
2025-03-12 00:00:00+00:00,4.666543400226762,4.722318766373312,4.638655495521883,4.694431304931641,3871838
2025-03-13 00:00:00+00:00,4.703727053946628,4.7316149591038155,4.592176319844309,4.620063781738281,2898775
2025-03-14 00:00:00+00:00,4.6014717361307955,4.657247543334961,4.564288160170145,4.657247543334961,2333824
2025-03-17 00:00:00+00:00,4.6851351889422785,4.731614882362674,4.666543400226762,4.694431304931641,1571355
2025-03-18 00:00:00+00:00,4.740910437546559,4.815277590564827,4.7130229767963066,4.722318649291992,3372710
2025-03-19 00:00:00+00:00,4.694431388938061,4.699079003752703,4.638655578530201,4.666543483734131,1349660
2025-03-20 00:00:00+00:00,4.647951702322705,4.731614974808743,4.647951702322705,4.7130231857299805,2528967
2025-03-21 00:00:00+00:00,4.694431691215812,4.750207061951873,4.675839900970459,4.675839900970459,8127758
2025-03-24 00:00:00+00:00,4.685135461406513,4.75020694732666,4.685135461406513,4.75020694732666,1932477
2025-03-25 00:00:00+00:00,4.768798552966267,4.768798552966267,4.685135280480229,4.7130231857299805,1145500
2025-03-26 00:00:00+00:00,4.7316153333154,4.759502797414922,4.717671158002388,4.74091100692749,1236331
2025-03-27 00:00:00+00:00,4.713023542827968,4.7687989142902625,4.708375484390298,4.74091100692749,1555234
2025-03-28 00:00:00+00:00,4.740910437546559,4.759502225801127,4.703726861037425,4.722318649291992,929632
2025-03-31 00:00:00+00:00,4.666543870361511,4.675839987287418,4.634008347647341,4.647952079772949,1676975
2025-04-01 00:00:00+00:00,4.685135364532471,4.7130232702825365,4.647951785707866,4.685135364532471,1598651
2025-04-02 00:00:00+00:00,4.713703383311751,4.751793880843901,4.627999990901688,4.666090488433838,1979658
2025-04-03 00:00:00+00:00,4.5518189958373885,4.6851357371999125,4.5518189958373885,4.666090488433838,1730122
2025-04-04 00:00:00+00:00,4.61847724076087,4.647045341573732,4.551819095655123,4.599431991577148,1637167
2025-04-07 00:00:00+00:00,4.370888710021973,4.494682594427152,4.313752966279306,4.370888710021973,2250432
2025-04-08 00:00:00+00:00,4.389934410583086,4.551819261583212,4.389934410583086,4.542296409606934,1978683
2025-04-09 00:00:00+00:00,4.437546904705292,4.589909343948392,4.437546904705292,4.55181884765625,1544360
2025-04-10 00:00:00+00:00,4.780361535125857,4.847020126626586,4.656567202656431,4.675612449645996,1562827
2025-04-11 00:00:00+00:00,4.608954312219772,4.685135300178032,4.589909065230207,4.675612449645996,926714
2025-04-14 00:00:00+00:00,4.6851358817793285,4.7327487781265365,4.666090632425533,4.694658279418945,1652276
2025-04-15 00:00:00+00:00,4.723226174815368,4.770839523163828,4.699419500641138,4.742271423339844,1644877
2025-04-16 00:00:00+00:00,4.742271527333514,4.799407274159876,4.742271527333514,4.761316776275635,1144418
2025-04-17 00:00:00+00:00,4.7708397944902865,4.799407441864424,4.742271693041581,4.7898850440979,1262583
2025-04-22 00:00:00+00:00,4.75179382056481,4.761316671864319,4.704180926290892,4.742271423339844,989321
2025-04-23 00:00:00+00:00,4.8089298562849505,4.832736075573127,4.761316509559545,4.799407005310059,1307931
2025-04-24 00:00:00+00:00,4.79940706909508,4.808929920196533,4.770839423939789,4.808929920196533,1182750
2025-04-28 00:00:00+00:00,4.808930068675675,4.9327239582950515,4.78036196856379,4.923201560974121,2366560
2025-04-29 00:00:00+00:00,4.9327237323696425,4.999382326861289,4.913678484525533,4.970814228057861,1969260
2025-04-30 00:00:00+00:00,4.961291894855764,5.027950490203033,4.9327237956856385,4.980337142944336,1815026
2025-05-01 00:00:00+00:00,4.980336941532092,5.046995534183589,4.980336941532092,5.027950286865234,1018600
2025-05-02 00:00:00+00:00,4.999382765810165,5.046996116638184,4.970814664498441,5.046996116638184,1462904
2025-05-05 00:00:00+00:00,5.056518070393618,5.085086169197045,4.96129183117307,4.970814228057861,1354133
2025-05-06 00:00:00+00:00,4.951769352964487,5.046996053427872,4.932724103686722,5.037473201751709,1126253
2025-05-07 00:00:00+00:00,4.999382397305906,5.085086240849287,4.9232014048560275,5.066040992736816,1229678
2025-05-08 00:00:00+00:00,5.085085868835449,5.113653511876941,5.037472525000298,5.085085868835449,1497526
2025-05-09 00:00:00+00:00,5.085086224549428,5.161267216755115,5.070801947954964,5.151744365692139,1278962
2025-05-12 00:00:00+00:00,5.180312694187329,5.18983509159742,5.085086449713666,5.104131698608398,827347
2025-05-13 00:00:00+00:00,5.132698812343508,5.246970747929579,5.104131169002868,5.180312156677246,1742726
2025-05-14 00:00:00+00:00,5.208879896171361,5.208879896171361,5.085086015952572,5.113653659820557,1027813
2025-05-15 00:00:00+00:00,5.123176883745772,5.1422221324034885,5.089847358038859,5.094608783721924,713431
2025-05-16 00:00:00+00:00,5.17078977835279,5.17078977835279,5.056518286406491,5.094608783721924,2110458
2025-05-19 00:00:00+00:00,5.094608573594732,5.094608573594732,4.989859483260395,5.056518077850342,1407352
2025-05-20 00:00:00+00:00,5.085086281956616,5.094608679052563,5.051756756934462,5.075563430786133,1036378
2025-05-21 00:00:00+00:00,5.123177154814575,5.151744802275399,5.085086655483762,5.1422224044799805,1143263
2025-05-22 00:00:00+00:00,5.066041200818933,5.123176947503131,5.037473100439559,5.104131698608398,1008572
2025-05-23 00:00:00+00:00,5.104131263222732,5.132698907090718,5.0755631652802355,5.113653659820557,961886
2025-05-26 00:00:00+00:00,5.085086551983402,5.1041318012611665,5.027950804150106,5.037473201751709,1213895
2025-05-27 00:00:00+00:00,5.075563389755786,5.094608637868255,5.037472893530846,5.066040992736816,990156
2025-05-28 00:00:00+00:00,5.094608637868255,5.161267233299165,5.046995744624347,5.066040992736816,1233401
2025-05-29 00:00:00+00:00,5.075563325722537,5.113653821466927,5.037472829978147,5.056518077850342,594512
2025-05-30 00:00:00+00:00,4.989859580993652,5.046995779803855,4.989859580993652,4.989859580993652,2389175
2025-06-02 00:00:00+00:00,5.018427808094245,5.03747305682408,4.970814459232384,5.008905410766602,671967
2025-06-03 00:00:00+00:00,5.027950274142089,5.132698907090718,5.027950274142089,5.113653659820557,1239384
2025-06-04 00:00:00+00:00,5.142222139816004,5.294584129297367,5.142222139816004,5.266016483306885,3109735
2025-06-05 00:00:00+00:00,5.26601625035803,5.28506149820071,5.199357655871387,5.2279253005981445,1273328
2025-06-06 00:00:00+00:00,5.237448484557375,5.256493733610966,5.180312737396605,5.199357986450195,1132099
2025-06-10 00:00:00+00:00,5.227925259357788,5.246970961124752,5.170789516280462,5.218402862548828,2032440
2025-06-11 00:00:00+00:00,5.17078971862793,5.189834967065665,5.132699221752458,5.17078971862793,1096233
2025-06-12 00:00:00+00:00,5.189835134886123,5.237448484557375,5.161267488343015,5.199357986450195,1258162
2025-06-13 00:00:00+00:00,5.189834967065665,5.189834967065665,5.104131576133125,5.17078971862793,674752
2025-06-16 00:00:00+00:00,5.17078940163104,5.180312252303376,5.113653659820557,5.113653659820557,1208129
2025-06-17 00:00:00+00:00,5.113653723915335,5.161267069724781,5.1088922985194865,5.123176574707031,1050627
2025-06-18 00:00:00+00:00,5.113654032379641,5.1326992810373575,5.075563535064207,5.094608783721924,1070237
2025-06-19 00:00:00+00:00,5.066041033690186,5.089847253467321,5.018427685986843,5.075563430786133,1342809
2025-06-20 00:00:00+00:00,5.0279508671218895,5.066041366154478,5.018428015326459,5.046996116638184,5711152
2025-06-23 00:00:00+00:00,5.056518241344098,5.0755634898320885,4.999382495880127,4.999382495880127,1715517
2025-06-24 00:00:00+00:00,5.066041156956106,5.085086405685941,4.999382559364411,5.008905410766602,1560119
2025-06-25 00:00:00+00:00,5.018427848815918,5.037473097700294,4.96129210216279,5.018427848815918,1702255
2025-06-26 00:00:00+00:00,4.989859580993652,5.018427680398754,4.956530510083147,4.989859580993652,940982
2025-06-27 00:00:00+00:00,5.008905177820607,5.0469956735088255,4.970814228057861,4.970814228057861,1227920
2025-06-30 00:00:00+00:00,5.008905451411005,5.037473097700294,4.96129210216279,5.018427848815918,1660667
2025-07-01 00:00:00+00:00,5.0089053917994715,5.123176883745772,5.0089053917994715,5.094608783721924,1357694
2025-07-02 00:00:00+00:00,5.132699387725353,5.213641809721749,5.132699387725353,5.199357986450195,2003714
2025-07-03 00:00:00+00:00,5.199357564742531,5.208879961459709,5.037472733879835,5.123176574707031,1048545
2025-07-04 00:00:00+00:00,5.161267280578613,5.189834925971744,5.123176784004748,5.161267280578613,951386
2025-07-07 00:00:00+00:00,5.161267216755115,5.189834861794982,5.142221968703693,5.151744365692139,652588
2025-07-08 00:00:00+00:00,5.151744154360879,5.17078940163104,5.023188848805921,5.113653659820557,1892872
2025-07-09 00:00:00+00:00,5.104131535717816,5.199357777152478,5.094608684537081,5.161267280578613,1190525
2025-07-10 00:00:00+00:00,5.199357655871387,5.256493399399427,5.161267160186028,5.2279253005981445,2571906
2025-07-11 00:00:00+00:00,5.266016378677859,5.29458402410074,5.213641605278351,5.246971130371094,1667016
2025-07-14 00:00:00+00:00,5.218403030873677,5.256493527487208,5.18983493137626,5.246971130371094,1269428
2025-07-15 00:00:00+00:00,5.275538605626154,5.294583853318596,5.189834763972904,5.218402862548828,973786
2025-07-16 00:00:00+00:00,5.199357655871387,5.237448151556747,5.161267160186028,5.2279253005981445,1399231
2025-07-17 00:00:00+00:00,5.237448364558814,5.351719856262207,5.237448364558814,5.351719856262207,2244442
2025-07-18 00:00:00+00:00,5.342197152200304,5.39933289477082,5.323151904676798,5.3802876472473145,1156310
2025-07-21 00:00:00+00:00,5.370764999815749,5.370764999815749,5.275538758592417,5.332674503326416,1209293
2025-07-22 00:00:00+00:00,5.342197152200304,5.437423389817831,5.318390479277292,5.3802876472473145,1188344
2025-07-23 00:00:00+00:00,5.41837828928978,5.446945934312793,5.361242545169224,5.408855438232422,1220027
2025-07-24 00:00:00+00:00,5.427900809298973,5.427900809298973,5.313629318467836,5.342197418212891,1238157
2025-07-25 00:00:00+00:00,5.332674607644974,5.380287956225327,5.313629359027742,5.351719856262207,884446
2025-07-28 00:00:00+00:00,5.351719548924796,5.408855291495314,5.351719548924796,5.3802876472473145,911971
2025-07-29 00:00:00+00:00,5.361242399723809,5.408855291495314,5.3136290538777855,5.3802876472473145,788196
2025-07-30 00:00:00+00:00,5.408855277777031,5.475513870977497,5.370764782826627,5.465991020202637,1543452
2025-07-31 00:00:00+00:00,5.46599135583863,5.542172804491832,5.423139886944044,5.523127555847168,1170351
2025-08-01 00:00:00+00:00,5.485037161773802,5.570740555250262,5.475514310234998,5.542172908782959,1156828
2025-08-04 00:00:00+00:00,5.542172804491832,5.570740450421556,5.494559455842899,5.523127555847168,663219
2025-08-05 00:00:00+00:00,5.570740126371532,5.637398719787598,5.5183658091639565,5.637398719787598,1180143
2025-08-06 00:00:00+00:00,5.618353784217707,5.704057175854857,5.599308535623391,5.694534778594971,1229101
2025-08-07 00:00:00+00:00,5.713580068046815,5.756431991209093,5.680250996287063,5.704057216644287,1428026
2025-08-08 00:00:00+00:00,5.694535048572619,5.761193648850277,5.656444549578118,5.742148399353027,982869
2025-08-11 00:00:00+00:00,5.7326252298450475,5.751670478286743,5.589785639495056,5.599308490753174,1246375
2025-08-12 00:00:00+00:00,5.618353987784793,5.694534984922285,5.59930873850042,5.646921634674072,1274584
2025-08-13 00:00:00+00:00,5.694534609854923,5.704057006832642,5.6564441137949855,5.665966510772705,651258
2025-08-14 00:00:00+00:00,5.704057175854857,5.723102878523716,5.675489530000655,5.694534778594971,688492
2025-08-15 00:00:00+00:00,5.704057006832642,5.704057006832642,5.6278760147127675,5.665966510772705,1161995
2025-08-18 00:00:00+00:00,5.637398929170826,5.67548942565918,5.608830829767292,5.67548942565918,1262367
2025-08-19 00:00:00+00:00,5.69453447119349,5.7421478171462965,5.6564439760610545,5.723102569580078,730163
2025-08-20 00:00:00+00:00,5.808806315178683,5.875464912812659,5.7611934203611685,5.789761066436768,1183269
2025-08-21 00:00:00+00:00,5.808805847129186,5.87546443939209,5.78023820335545,5.87546443939209,1307401
2025-08-22 00:00:00+00:00,5.875464649486975,5.9516456410403675,5.789760806952145,5.913555145263672,1822015
2025-08-25 00:00:00+00:00,5.942122790058931,5.980213739910154,5.904032294282234,5.913555145263672,1691136
2025-08-26 00:00:00+00:00,5.9516454282214015,5.9516454282214015,5.846896341543842,5.87546443939209,1187470
2025-08-27 00:00:00+00:00,5.923077647049406,5.989736242876199,5.86594190237267,5.932600498199463,1292292
2025-08-28 00:00:00+00:00,5.961168320882227,5.961168320882227,5.856419233466298,5.884986877441406,1569755
2025-08-29 00:00:00+00:00,6.38016419500732,6.751547224461661,6.34207369774142,6.561094284057617,5405368
2025-09-01 00:00:00+00:00,6.808682753583238,7.208633416215959,6.794398931081935,7.122929573059082,5895935
2025-09-02 00:00:00+00:00,7.046748886977068,7.151497982709542,6.989613140416051,7.094361782073975,2816207
2025-09-03 00:00:00+00:00,7.094361632001143,7.10388448326381,6.961044892845594,6.980090141296387,2642583
2025-09-04 00:00:00+00:00,6.951522084695959,7.046748321320319,6.941999233996267,6.989612579345703,2467724
2025-09-05 00:00:00+00:00,7.05627113981983,7.103884488015933,7.027703494161801,7.065793991088867,2292865
2025-09-08 00:00:00+00:00,6.932477413488213,7.008658409118652,6.899147887343982,7.008658409118652,2499433
2025-09-09 00:00:00+00:00,6.97056774410826,6.999135389747179,6.846773402140837,6.980090141296387,2506970
2025-09-10 00:00:00+00:00,6.941999912261963,7.008658511449126,6.9039094138906,6.941999912261963,3032159
2025-09-11 00:00:00+00:00,6.951522245139933,6.980089889749337,6.918192720996262,6.932476997375488,2909994
2025-09-12 00:00:00+00:00,6.999135343402703,7.018180591727388,6.88486385345459,6.88486385345459,1769994
2025-09-15 00:00:00+00:00,6.837250564243346,6.875341061219389,6.808682918548584,6.808682918548584,1768793
2025-09-16 00:00:00+00:00,7.0467484689538935,7.0467484689538935,6.9324769826106065,7.0181803703308105,1683237
2025-09-17 00:00:00+00:00,6.932477137087452,6.970567633383987,6.808682797086445,6.875340938568115,3016448
2025-09-18 00:00:00+00:00,6.884863587312076,6.99913507284289,6.856295488892112,6.922954082489014,1725861
2025-09-19 00:00:00+00:00,6.951522495657468,6.989612992559053,6.922954395944008,6.980090141296387,7175217
2025-09-22 00:00:00+00:00,6.980089995352891,7.056270987563228,6.941999499247722,6.951522350311279,1495023
2025-09-23 00:00:00+00:00,6.951522397247197,7.075316283387573,6.951522397247197,7.046748638153076,1957836
2025-09-24 00:00:00+00:00,6.989612992559053,7.0467487379114315,6.97056774410826,6.980090141296387,3304738
2025-09-25 00:00:00+00:00,6.961044892845594,7.0372258866487645,6.951522495657468,6.980090141296387,2566946
2025-09-26 00:00:00+00:00,6.999135284690444,7.008658135810173,6.903909043865823,6.961044788360596,3318575
2025-09-29 00:00:00+00:00,6.999135494232178,7.051510268809628,6.951522599431688,6.999135494232178,1074773
2025-09-30 00:00:00+00:00,6.980089938436801,7.046748533114573,6.961044690539512,7.027703285217285,4620762
2025-10-01 00:00:00+00:00,7.027703269859365,7.113406658172607,6.989612774148029,7.113406658172607,2461474
2025-10-02 00:00:00+00:00,7.141975237392056,7.218156233938975,7.084839489981866,7.199110984802246,2500742
2025-10-03 00:00:00+00:00,7.180065410817226,7.313382148742676,7.151497765441898,7.313382148742676,2510399
2025-10-06 00:00:00+00:00,7.415293715891884,7.415293715891884,7.2114701569361666,7.259999752044678,2121012
2025-10-07 00:00:00+00:00,7.269705506547525,7.357058593977677,7.269705506547525,7.298823356628418,1873035
2025-10-08 00:00:00+00:00,7.318235073064062,7.337646818769304,7.196911546703169,7.250293731689453,1920782
2025-10-09 00:00:00+00:00,7.269705212013408,7.28911741982253,7.23088172202018,7.279411315917969,1109823
2025-10-10 00:00:00+00:00,7.269705423050858,7.327941122543774,7.201764544996658,7.308529376983643,1248719
2025-10-13 00:00:00+00:00,7.269705477394695,7.289117685912461,7.211470240278969,7.250293731689453,1065089
2025-10-14 00:00:00+00:00,7.269705325844033,7.352205359074573,7.221176193998871,7.318234920501709,1595936
2025-10-15 00:00:00+00:00,7.347352739254096,7.347352739254096,7.230881805123325,7.269705295562744,1332251
2025-10-16 00:00:00+00:00,7.357058634708407,7.357058634708407,7.1726468173418665,7.192058563232422,2140176
2025-10-17 00:00:00+00:00,7.085294246673584,7.22117646895139,7.085294246673584,7.085294246673584,1500797
2025-10-20 00:00:00+00:00,7.1144114519115975,7.1338231974535615,6.95911748757588,7.104705810546875,779619
2025-10-21 00:00:00+00:00,7.104705712833704,7.15323484461492,7.065882222283726,7.114411354064941,1781526
2025-10-22 00:00:00+00:00,7.094999859618368,7.094999859618368,6.959117637889622,7.036764621734619,1806470
2025-10-23 00:00:00+00:00,6.968823016999861,7.075587847171954,6.968823016999861,7.065882205963135,1913428
2025-10-24 00:00:00+00:00,7.094999775007975,7.094999775007975,7.036764537818702,7.046470642089844,2174961
2025-10-27 00:00:00+00:00,7.046470573920981,7.1338231974535615,6.988234874482567,7.104705810546875,688305
2025-10-28 00:00:00+00:00,7.085294246673584,7.153235126406221,7.075588142247475,7.085294246673584,1398999
2025-10-29 00:00:00+00:00,7.1241177387529575,7.177499924658963,7.075588142247475,7.085294246673584,1888512
2025-10-30 00:00:00+00:00,7.027058433547561,7.05617628354846,6.9008823177103995,7.046470642089844,2368101
2025-10-31 00:00:00+00:00,7.027058222190864,7.075587816461869,6.963970397576073,7.01735258102417,1380328
2025-11-03 00:00:00+00:00,7.027058380943544,7.162941062847164,7.007646635359102,7.153234958648682,1351832
2025-11-04 00:00:00+00:00,7.162941315941128,7.182353062211463,7.056176480048026,7.075588226318359,1338405
2025-11-05 00:00:00+00:00,7.104705894483564,7.162941131797463,7.007646702814539,7.09499979019165,1597417
2025-11-06 00:00:00+00:00,7.143529415130615,7.182352906831391,7.085294177579452,7.143529415130615,1535724
2025-11-07 00:00:00+00:00,7.143529527403402,7.240588258180785,7.124117781247926,7.1823530197143555,1734218
2025-11-10 00:00:00+00:00,7.1823530197143555,7.201764765869832,7.162941273558879,7.1823530197143555,1042653
2025-11-11 00:00:00+00:00,7.221176373496072,7.3376468481945905,7.182352881929899,7.298823356628418,2566810
2025-11-12 00:00:00+00:00,7.337646779484136,7.391028964184616,7.289117646887115,7.357058525085449,1695023
2025-11-13 00:00:00+00:00,7.337646873634493,7.337646873634493,7.11441156494877,7.143529415130615,1860801
2025-11-14 00:00:00+00:00,7.027058268921234,7.124117458108693,6.93970564659004,7.114411354064941,1418239
2025-11-17 00:00:00+00:00,7.0658821559185565,7.182352626474561,7.0658821559185565,7.172646522521973,1191344
2025-11-18 00:00:00+00:00,7.172646773276849,7.172646773276849,7.09499979019165,7.09499979019165,1717383
2025-11-19 00:00:00+00:00,7.104706007063316,7.211470379090968,7.0949999026176025,7.133823394775391,2890874
2025-11-20 00:00:00+00:00,6.997940816687966,7.211470012707307,6.978529071595299,7.172646522521973,1557006
2025-11-21 00:00:00+00:00,7.259999931695253,7.259999931695253,7.027058517347729,7.036764621734619,1795853
2025-11-24 00:00:00+00:00,7.114411354064941,7.1338230993399305,7.036764372964986,7.114411354064941,3614226
2025-11-25 00:00:00+00:00,7.124117391196559,7.19205826761464,7.046470410825889,7.172646522521973,2537882
2025-11-26 00:00:00+00:00,7.327941390645233,7.473529256266465,7.017352987507358,7.075588226318359,4838245
2025-11-27 00:00:00+00:00,6.823235087539966,6.997940792777029,6.755293748541521,6.7649993896484375,4438685
2025-11-28 00:00:00+00:00,6.726176177936002,6.7455879237656315,6.638823553108929,6.73588228225708,3081594
2025-12-01 00:00:00+00:00,6.697058640000929,6.813529112359636,6.682499946659219,6.803823471069336,2229550
2025-12-02 00:00:00+00:00,6.7261762631393225,6.929999828338623,6.7261762631393225,6.929999828338623,2227863
2025-12-03 00:00:00+00:00,6.97852946730221,7.075588198269115,6.949411616605871,7.0270586013793945,3204397
2025-12-04 00:00:00+00:00,6.988235108992632,7.036764705882353,6.939705974915448,7.0270586013793945,2015409
2025-12-05 00:00:00+00:00,7.075588113657118,7.075588113657118,6.997941129812121,7.036764621734619,2240341
2025-12-08 00:00:00+00:00,7.027058365566496,7.1144114519115975,6.997940978659809,7.104705810546875,1542456
2025-12-09 00:00:00+00:00,7.085294073990514,7.085294073990514,6.920294005268301,6.949411392211914,1673882
2025-12-10 00:00:00+00:00,6.959117334352894,6.959117334352894,6.813529014587402,6.813529014587402,1646610
2025-12-11 00:00:00+00:00,6.842646863665505,6.871764249931097,6.789264217491069,6.813529014587402,1768214
2025-12-12 00:00:00+00:00,6.891176178876094,6.891176178876094,6.755293959449318,6.794117450714111,1706591
2025-12-15 00:00:00+00:00,6.842646977858144,6.891176110048173,6.803823486981113,6.852352619171143,1493310
2025-12-16 00:00:00+00:00,6.842646961855571,6.86205870724869,6.735882130787164,6.803823471069336,1852085
2025-12-17 00:00:00+00:00,6.803823554936571,6.842647046201364,6.784411346491652,6.794117450714111,1896635
2025-12-18 00:00:00+00:00,6.7261758826290645,6.808675914486032,6.638823261637133,6.716470241546631,3053365
2025-12-19 00:00:00+00:00,6.74558774207073,6.784411232684265,6.6970586102100675,6.755293846130371,3495719
2025-12-22 00:00:00+00:00,6.745587675280171,6.842646863665505,6.706764185051041,6.813529014587402,1060179
2025-12-23 00:00:00+00:00,6.774705666806137,6.900882244110107,6.764999562638516,6.900882244110107,1189988
2025-12-24 00:00:00+00:00,6.852352844036515,6.929999828338623,6.832941097960988,6.929999828338623,367719
2025-12-29 00:00:00+00:00,6.842647159681279,6.939705889452904,6.832941055297852,6.832941055297852,740048
2025-12-30 00:00:00+00:00,6.891176293160827,6.910588039115152,6.8232354137269535,6.832941055297852,890783
2025-12-31 00:00:00+00:00,6.842647115726311,6.842647115726311,6.726176177936002,6.73588228225708,732766
2026-01-02 00:00:00+00:00,6.764999517470583,6.813529112359636,6.697058640000929,6.803823471069336,727992
2026-01-05 00:00:00+00:00,6.77470588684082,6.823235483630077,6.750441088446192,6.77470588684082,848150
2026-01-06 00:00:00+00:00,6.8038235093423225,6.8232352548446356,6.677646932171027,6.69705867767334,1113453
2026-01-07 00:00:00+00:00,6.41558835075011,6.541764469322892,6.347647007816662,6.367058753967285,2588418
2026-01-08 00:00:00+00:00,6.318529372663876,6.444705486297607,6.318529372663876,6.444705486297607,2054717
2026-01-09 00:00:00+00:00,6.434999761513932,6.483528892954925,6.3961762712361345,6.454411506652832,1543449
2026-01-12 00:00:00+00:00,6.435000015074609,6.580588340759277,6.435000015074609,6.580588340759277,1153124
2026-01-13 00:00:00+00:00,6.541764259338379,6.629117345618497,6.532058617980877,6.541764259338379,1476566
2026-01-14 00:00:00+00:00,6.532058799905435,6.590294038109919,6.493235307769113,6.522352695465088,1149626
2026-01-15 00:00:00+00:00,6.570882207456872,6.570882207456872,6.454411732547192,6.5320587158203125,1349298
2026-01-16 00:00:00+00:00,6.532058744593544,6.619411832566851,6.483529148427812,6.580588340759277,918507
2026-01-19 00:00:00+00:00,6.512647053837274,6.570882292041757,6.502940949396927,6.522352695465088,1138649
2026-01-20 00:00:00+00:00,6.551470196126784,6.629117176253101,6.5029406021415825,6.561176300048828,1659926
2026-01-21 00:00:00+00:00,6.52235245151329,6.561176405010035,6.376764592853686,6.396176338195801,2090543
2026-01-22 00:00:00+00:00,6.434999874794711,6.502940752570622,6.434999874794711,6.493235111236572,1394432
2026-01-23 00:00:00+00:00,6.435000026800161,6.464117414302633,6.396176534921843,6.425293922424316,1595490
2026-01-27 00:00:00+00:00,6.415588212227386,6.493235195153357,6.376764720764401,6.483529090881348,1466615
2026-01-28 00:00:00+00:00,6.425293763002458,6.434999867137478,6.23117630842724,6.289411544799805,1471351
2026-01-29 00:00:00+00:00,6.260293763440156,6.260293763440156,6.100146745966979,6.231176376342773,1676386
2026-01-30 00:00:00+00:00,6.240881949749741,6.386470272087414,6.202058458834697,6.289411544799805,2609762
2026-02-02 00:00:00+00:00,6.260293918732591,6.3767648584488645,6.231176530912925,6.367058753967285,1727775
2026-02-03 00:00:00+00:00,6.405882231941648,6.502940962477689,6.270000009191191,6.3185296058654785,2084897
2026-02-04 00:00:00+00:00,6.308823374425594,6.328235120142095,6.231176391559591,6.27970552444458,1654700
2026-02-05 00:00:00+00:00,6.279705373476177,6.367058458506665,6.25058798700769,6.347646713256836,1676629
2026-02-06 00:00:00+00:00,6.30882335901916,6.30882335901916,6.114705902328194,6.231176376342773,2025498
2026-02-09 00:00:00+00:00,6.240881949749741,6.299117186122307,6.216617615037228,6.289411544799805,1067027
2026-02-10 00:00:00+00:00,6.260293598005628,6.328234937458309,6.231176211677701,6.299117088317871,923948
2026-02-11 00:00:00+00:00,6.25058798700769,6.357352817288008,6.2311762417578604,6.347646713256836,761173
2026-02-12 00:00:00+00:00,6.308823501405607,6.347646993620024,6.279705650838529,6.3185296058654785,803085
2026-02-13 00:00:00+00:00,6.289411695270426,6.29911733682513,6.007941147996077,6.017646789550781,1983498
2026-02-16 00:00:00+00:00,6.066176149562855,6.163234875393358,5.988529168898452,6.095293998718262,1686077
2026-02-17 00:00:00+00:00,6.134117422220679,6.1923526570845215,6.027352593564047,6.153529167175293,2673009
2026-02-18 00:00:00+00:00,6.1729410264449385,6.250588007701319,6.153529281130843,6.192352771759033,1647612
2026-02-19 00:00:00+00:00,6.260293648952109,6.260293648952109,6.143823177067538,6.192352771759033,1336578
2026-02-20 00:00:00+00:00,6.143823357652484,6.202058595306473,6.1049998658831575,6.172941207885742,1346687
2026-02-23 00:00:00+00:00,6.124411385061157,6.192352724548765,6.085587894728955,6.095293998718262,790956
2026-02-24 00:00:00+00:00,6.09529433551311,6.109853029488996,5.959411649029709,6.007941246032715,1536702
2026-02-25 00:00:00+00:00,6.007941093330122,6.114705926335592,5.988529347584811,6.075882434844971,1723596
2026-02-26 00:00:00+00:00,6.114705760398535,6.211764486491168,6.100146604375255,6.143823146820068,1898571
2026-02-27 00:00:00+00:00,6.260293524201038,6.289411372998197,5.590588092803955,5.590588092803955,6394084
2026-03-02 00:00:00+00:00,5.435293900640718,5.5420587336661455,5.328529067615291,5.512940883636475,3329398
2026-03-03 00:00:00+00:00,5.503234995643369,5.503234995643369,5.328528828916593,5.3867645263671875,2878603
2026-03-04 00:00:00+00:00,5.377058786504409,5.39647053269779,5.289705697227927,5.3479413986206055,5250919
2026-03-05 00:00:00+00:00,5.415882179651725,5.445000029814515,5.347941300626093,5.357646942138672,2320542
2026-03-06 00:00:00+00:00,5.338235265862914,5.35764701195355,5.299411773681641,5.299411773681641,2653719
2026-03-09 00:00:00+00:00,5.19264689626874,5.231470388132196,5.1344116584735575,5.202353000640869,3092526
2026-03-10 00:00:00+00:00,5.289705640714661,5.309117386700655,5.241176507155945,5.250882148742676,2088858
2026-03-11 00:00:00+00:00,5.250881835421079,5.279999684068863,5.18294095993042,5.18294095993042,3361835
2026-03-12 00:00:00+00:00,5.153823300686479,5.187793739680228,5.008234977722168,5.008234977722168,3273369
2026-03-13 00:00:00+00:00,4.959706025883219,5.056764757122975,4.940294279635268,4.988823413848877,4390874
2026-03-16 00:00:00+00:00,4.959705913575596,4.99852940519238,4.930588063456745,4.949999809265137,3498785
2026-03-17 00:00:00+00:00,4.969411403629105,5.042205795301537,4.93058791319548,5.017940998077393,2921692
2026-03-18 00:00:00+00:00,5.056764421574565,5.114999656454142,5.017940931654847,5.076176166534424,3370139
2026-03-19 00:00:00+00:00,4.94029398689812,5.027646608431553,4.94029398689812,4.969411373138428,2335060
2026-03-20 00:00:00+00:00,4.969411539878696,5.0082350313767705,4.891764556882549,4.90147066116333,14290670
2026-03-23 00:00:00+00:00,4.86264695904978,4.891764345005914,4.814117365372884,4.872352600097656,3198967
2026-03-24 00:00:00+00:00,4.94029390666592,4.94029390666592,4.784999485593782,4.823822975158691,3783259
2026-03-25 00:00:00+00:00,4.862647323300872,4.911176457800483,4.823823367763628,4.833529472351074,2810170
2026-03-26 00:00:00+00:00,4.862647224650209,4.872352866228212,4.794705882354062,4.843235015869141,2854496
2026-03-27 00:00:00+00:00,4.823823119146668,4.920882308768595,4.804411373784785,4.9111762046813965,3215442
2026-03-30 00:00:00+00:00,4.891764597314744,4.891764597314744,4.775294121857852,4.794705867767334,2713228
2026-03-31 00:00:00+00:00,4.804411593662385,4.833529444444068,4.736470713192689,4.784999847412109,3993643
2026-04-01 00:00:00+00:00,4.840000152587891,5.0,4.820000171661377,4.869999885559082,2921578
2026-04-02 00:00:00+00:00,4.829999923706055,4.869999885559082,4.710000038146973,4.730000019073486,2511426
2026-04-07 00:00:00+00:00,4.760000228881836,4.809999942779541,4.71999979019165,4.75,1534852
2026-04-08 00:00:00+00:00,4.829999923706055,4.940000057220459,4.820000171661377,4.909999847412109,3111505
2026-04-09 00:00:00+00:00,4.920000076293945,4.920000076293945,4.809999942779541,4.809999942779541,2211102
2026-04-10 00:00:00+00:00,4.760000228881836,4.78000020980835,4.625,4.699999809265137,5212952
2026-04-13 00:00:00+00:00,4.650000095367432,4.699999809265137,4.610000133514404,4.659999847412109,3209865
2026-04-14 00:00:00+00:00,4.710000038146973,4.739999771118164,4.610000133514404,4.610000133514404,2665012
2026-04-15 00:00:00+00:00,4.650000095367432,4.679999828338623,4.599999904632568,4.639999866485596,4956050
2026-04-16 00:00:00+00:00,4.659999847412109,4.730000019073486,4.639999866485596,4.710000038146973,2636468
2026-04-17 00:00:00+00:00,4.559999942779541,4.639999866485596,4.53000020980835,4.570000171661377,2695649
2026-04-20 00:00:00+00:00,4.579999923706055,4.619999885559082,4.550000190734863,4.610000133514404,2456707
2026-04-21 00:00:00+00:00,4.619999885559082,4.630000114440918,4.570000171661377,4.610000133514404,4237587
2026-04-22 00:00:00+00:00,4.610000133514404,4.619999885559082,4.53000020980835,4.53000020980835,2676871
2026-04-23 00:00:00+00:00,4.53000020980835,4.590000152587891,4.480000019073486,4.590000152587891,5290784
2026-04-24 00:00:00+00:00,4.619999885559082,4.630000114440918,4.519999980926514,4.53000020980835,3052482
2026-04-27 00:00:00+00:00,4.53000020980835,4.559999942779541,4.485000133514404,4.539999961853027,1341697
2026-04-28 00:00:00+00:00,4.510000228881836,4.510000228881836,4.460000038146973,4.460000038146973,2292169
2026-04-29 00:00:00+00:00,4.46999979019165,4.519999980926514,4.460000038146973,4.5,1877867
2026-04-30 00:00:00+00:00,4.449999809265137,4.53000020980835,4.429999828338623,4.5,2829938
2026-05-01 00:00:00+00:00,4.53000020980835,4.539999961853027,4.480000019073486,4.489999771118164,1495101
2026-05-04 00:00:00+00:00,4.510000228881836,4.519999980926514,4.440000057220459,4.46999979019165,1715656
2026-05-05 00:00:00+00:00,4.440000057220459,4.449999809265137,4.389999866485596,4.449999809265137,1774926
2026-05-06 00:00:00+00:00,4.489999771118164,4.5,4.389999866485596,4.420000076293945,1892741
2026-05-07 00:00:00+00:00,4.420000076293945,4.519999980926514,4.380000114440918,4.519999980926514,2471203
2026-05-08 00:00:00+00:00,4.480000019073486,4.519999980926514,4.480000019073486,4.480000019073486,1822139
2026-05-11 00:00:00+00:00,4.480000019073486,4.480000019073486,4.429999828338623,4.46999979019165,1401762
2026-05-12 00:00:00+00:00,4.440000057220459,4.440000057220459,4.340000152587891,4.360000133514404,2443879
2026-05-13 00:00:00+00:00,4.349999904632568,4.394999980926514,4.309999942779541,4.369999885559082,2143700
2026-05-14 00:00:00+00:00,4.369999885559082,4.380000114440918,4.329999923706055,4.369999885559082,1494547
2026-05-15 00:00:00+00:00,4.440000057220459,4.440000057220459,4.380000114440918,4.400000095367432,1060558
2026-05-18 00:00:00+00:00,4.429999828338623,4.429999828338623,4.340000152587891,4.369999885559082,1428604
2026-05-19 00:00:00+00:00,4.420000076293945,4.420000076293945,4.289999961853027,4.369999885559082,3369040
2026-05-20 00:00:00+00:00,4.389999866485596,4.400000095367432,4.320000171661377,4.340000152587891,1619176
2026-05-21 00:00:00+00:00,4.400000095367432,4.480000019073486,4.369999885559082,4.429999828338623,1479418
2026-05-22 00:00:00+00:00,4.380000114440918,4.414999961853027,4.349999904632568,4.389999866485596,3748603
2026-05-25 00:00:00+00:00,4.389999866485596,4.449999809265137,4.360000133514404,4.440000057220459,1457303
2026-05-26 00:00:00+00:00,4.449999809265137,4.510000228881836,4.420000076293945,4.449999809265137,1535784
2026-05-27 00:00:00+00:00,4.460000038146973,4.559999942779541,4.409999847412109,4.559999942779541,2643061
2026-05-28 00:00:00+00:00,4.539999961853027,4.550000190734863,4.480000019073486,4.489999771118164,3338597
2026-05-29 00:00:00+00:00,4.570000171661377,4.610000133514404,4.53000020980835,4.610000133514404,3529617
2026-06-01 00:00:00+00:00,4.630000114440918,4.630000114440918,4.539999961853027,4.590000152587891,1639542
2026-06-02 00:00:00+00:00,4.570000171661377,4.579999923706055,4.489999771118164,4.5,2888106
2026-06-03 00:00:00+00:00,4.369999885559082,4.409999847412109,4.28000020980835,4.400000095367432,3790919
2026-06-04 00:00:00+00:00,4.389999866485596,4.420000076293945,4.329999923706055,4.400000095367432,1659021
2026-06-05 00:00:00+00:00,4.429999828338623,4.460000038146973,4.409999847412109,4.440000057220459,1554130
2026-06-09 00:00:00+00:00,4.409999847412109,4.570000171661377,4.380000114440918,4.559999942779541,2768585
2026-06-10 00:00:00+00:00,4.650000095367432,4.760000228881836,4.610000133514404,4.760000228881836,6966378
2026-06-11 00:00:00+00:00,4.71999979019165,4.769999980926514,4.690000057220459,4.710000038146973,2526038
2026-06-12 00:00:00+00:00,4.789999961853027,4.795000076293945,4.71999979019165,4.789999961853027,1324570
2026-06-15 00:00:00+00:00,4.809999942779541,4.860000133514404,4.764999866485596,4.820000171661377,2387058
2026-06-16 00:00:00+00:00,4.78000020980835,4.835000038146973,4.760000228881836,4.809999942779541,1186423
2026-06-17 00:00:00+00:00,4.829999923706055,4.875,4.78000020980835,4.869999885559082,1597305
2026-06-18 00:00:00+00:00,4.849999904632568,4.889999866485596,4.789999961853027,4.789999961853027,2199675
2026-06-19 00:00:00+00:00,4.860000133514404,4.860000133514404,4.789999961853027,4.829999923706055,2905620
2026-06-22 00:00:00+00:00,4.860000133514404,4.920000076293945,4.829999923706055,4.840000152587891,2020223
2026-06-23 00:00:00+00:00,4.829999923706055,4.840000152587891,4.784999847412109,4.800000190734863,1653102
2026-06-24 00:00:00+00:00,4.800000190734863,4.829999923706055,4.744999885559082,4.75,1083052
2026-06-25 00:00:00+00:00,4.800000190734863,4.880000114440918,4.78000020980835,4.860000133514404,1390451
2026-06-26 00:00:00+00:00,4.860000133514404,4.929999828338623,4.840000152587891,4.880000114440918,1176558
2026-06-29 00:00:00+00:00,4.940000057220459,4.940000057220459,4.849999904632568,4.869999885559082,1048719
2026-06-30 00:00:00+00:00,4.900000095367432,4.909999847412109,4.820000171661377,4.820000171661377,2321832
2026-07-01 00:00:00+00:00,4.849999904632568,4.849999904632568,4.769999980926514,4.789999961853027,2032098
2026-07-02 00:00:00+00:00,4.760000228881836,4.769999980926514,4.610000133514404,4.630000114440918,2857185
2026-07-03 00:00:00+00:00,4.630000114440918,4.679999828338623,4.610000133514404,4.639999866485596,1889486
2026-07-06 00:00:00+00:00,4.630000114440918,4.639999866485596,4.579999923706055,4.619999885559082,1728057
2026-07-07 00:00:00+00:00,4.639999866485596,4.699999809265137,4.579999923706055,4.659999847412109,1440174
2026-07-08 00:00:00+00:00,4.650000095367432,4.78000020980835,4.650000095367432,4.769999980926514,1950501
2026-07-09 00:00:00+00:00,4.75,4.78000020980835,4.710000038146973,4.75,1522589
2026-07-10 00:00:00+00:00,4.739999771118164,4.75,4.679999828338623,4.730000019073486,1233817
2026-07-13 00:00:00+00:00,4.730000019073486,4.78000020980835,4.699999809265137,4.78000020980835,1162070
2026-07-14 00:00:00+00:00,4.78000020980835,4.804999828338623,4.699999809265137,4.71999979019165,1476711
2026-07-15 00:00:00+00:00,4.75,4.760000228881836,4.699999809265137,4.71999979019165,1041809
2026-07-16 00:00:00+00:00,4.699999809265137,4.789999961853027,4.650000095367432,4.75,1953082
2026-07-17 00:00:00+00:00,4.78000020980835,4.840000152587891,4.769999980926514,4.78000020980835,1736181
2026-07-20 00:00:00+00:00,4.800000190734863,4.849999904632568,4.764999866485596,4.820000171661377,1304851
2026-07-21 00:00:00+00:00,4.800000190734863,4.880000114440918,4.769999980926514,4.809999942779541,1472293
2026-07-22 00:00:00+00:00,4.789999961853027,4.789999961853027,4.710000038146973,4.710000038146973,1382712
2026-07-23 00:00:00+00:00,4.71999979019165,4.769999980926514,4.679999828338623,4.679999828338623,1425061
2026-07-24 00:00:00+00:00,4.670000076293945,4.710000038146973,4.610000133514404,4.690000057220459,1330462
2026-07-27 00:00:00+00:00,4.769999980926514,4.769999980926514,4.679999828338623,4.71999979019165,1356386
2026-07-28 00:00:00+00:00,4.71999979019165,4.900000095367432,4.679999828338623,4.829999923706055,1992715
2026-07-29 00:00:00+00:00,4.860000133514404,5.065000057220459,4.840000152587891,5.03000020980835,3058835
2026-07-30 00:00:00+00:00,5.010000228881836,5.019999980926514,4.920000076293945,4.940000057220459,1679965
2026-07-31 00:00:00+00:00,4.989999771118164,4.989999771118164,4.860000133514404,4.920000076293945,1735108
2026-08-03 00:00:00+00:00,4.920000076293945,4.949999809265137,4.880000114440918,4.920000076293945,798866
2026-08-04 00:00:00+00:00,4.929999828338623,4.974999904632568,4.900000095367432,4.960000038146973,1018413
2026-08-05 00:00:00+00:00,4.989999771118164,5.014999866485596,4.934999942779541,4.96999979019165,1957739
2026-08-06 00:00:00+00:00,4.940000057220459,5.070000171661377,4.920000076293945,5.03000020980835,1993983
2026-08-07 00:00:00+00:00,5.03000020980835,5.159999847412109,5.019999980926514,5.050000190734863,2672710
2026-08-10 00:00:00+00:00,5.010000228881836,5.019999980926514,4.889999866485596,4.949999809265137,2064557
2026-08-11 00:00:00+00:00,4.940000057220459,5.0,4.909999847412109,5.0,1129388
2026-08-12 00:00:00+00:00,4.949999809265137,4.965000152587891,4.880000114440918,4.909999847412109,2742120
2026-08-13 00:00:00+00:00,4.880000114440918,4.900000095367432,4.820000171661377,4.820000171661377,2348958
2026-08-14 00:00:00+00:00,4.840000152587891,4.869999885559082,4.769999980926514,4.784999847412109,1808900
